{"cameraMode":{"drawMode":0,"name":"Shaded","section":"Shading Mode"},"sceneLighting":true,"audioPlay":false,"sceneViewState":{"m_AlwaysRefresh":false,"showFog":true,"showSkybox":true,"showFlares":true,"showImageEffects":true,"showParticleSystems":true,"showVisualEffectGraphs":true,"m_FxEnabled":true},"in2DMode":false,"pivot":{"x":198.35462951660157,"y":38.508052825927737,"z":257.5455627441406},"rotation":{"x":-0.11197356879711151,"y":0.8770778179168701,"z":-0.39578595757484438,"w":-0.24813207983970643},"size":292.00177001953127,"orthographic":false}